name,phone,email,region,currency
Barry Silva,(603) 383-3467,mauris.erat@google.net,Kherson oblast,$75.22
Darryl Donaldson,1-883-102-4314,ipsum.ac@google.edu,Rheinland-Pfalz,$25.69
Philip Nelson,1-134-823-6178,amet.dapibus.id@hotmail.ca,Coahuila,$41.58
Kellie Grant,1-756-742-9002,a@hotmail.net,Caraga,$63.31
Hasad Weeks,1-238-452-1458,enim.non@yahoo.ca,Basse-Normandie,$87.01
Alana Lee,1-115-447-5771,in.faucibus.orci@protonmail.org,Dolnośląskie,$10.29
Dennis House,(698) 423-0651,ac.arcu@outlook.org,Cartago,$44.27
Daphne Walsh,1-746-392-0222,tempus.mauris@protonmail.ca,Västra Götalands län,$4.25
Kieran Patrick,(231) 328-3811,enim.curabitur@google.ca,Sachsen-Anhalt,$73.98
Stacy Henry,1-613-462-1329,est.nunc@aol.ca,Heredia,$24.78
Holly Aguilar,(683) 266-3821,pellentesque.ut@aol.org,Cauca,$76.28
Justine Hendricks,1-365-571-1155,turpis.in@yahoo.net,Castilla y León,$91.01
Fleur Compton,1-117-265-7532,phasellus@yahoo.org,Cajamarca,$93.04
Gillian Cash,1-836-657-3818,nisi.dictum@yahoo.com,Yorkshire,$63.00
Amela Vazquez,(827) 776-2961,interdum.ligula@aol.net,Roxburghshire,$92.89
Hedda Soto,(912) 845-6438,enim.nisl.elementum@google.com,Tasmania,$87.49
Blaze Valdez,(601) 644-7250,amet.nulla@aol.org,Saskatchewan,$17.03
Alana Rodriquez,(740) 617-5505,a.magna.lorem@yahoo.edu,Vlaams-Brabant,$31.31
Calista Cooper,(463) 514-5935,nunc.mauris@aol.com,Sonora,$9.96
Nero Franco,1-448-215-2538,malesuada@yahoo.com,Durham,$70.23
Beatrice Goodman,1-281-673-5736,phasellus@aol.couk,Benue,$8.46
Audrey Hancock,(443) 852-4727,ipsum.non@yahoo.edu,Kurgan Oblast,$50.04
Charlotte Cooke,1-726-671-0314,mauris@google.org,Hessen,$92.97
Kessie Harvey,1-616-236-8062,maecenas.mi.felis@protonmail.ca,Hatay,$55.16
Aquila Fuller,(483) 311-6326,amet.massa.quisque@yahoo.org,Kirovohrad oblast,$86.81
Adrian Sparks,1-964-803-4832,vulputate@aol.edu,Kaduna,$55.10
Prescott Walls,1-735-755-1688,mi@protonmail.couk,Mecklenburg-Vorpommern,$21.75
Joan Johns,1-977-983-7525,vivamus.nibh@outlook.ca,Bangsamoro,$63.47
Hayes Stevens,(334) 127-4167,augue@hotmail.couk,Free State,$54.78
Kelly Strong,(233) 413-1346,faucibus.orci@icloud.net,Florida,$61.71
Brian William,(468) 506-6737,diam@outlook.org,Aydın,$69.34
Herrod Strong,(936) 265-6315,nisl.nulla@google.com,Xīběi,$45.21
Wallace Sparks,(290) 485-3694,gravida@protonmail.net,Aragón,$53.69
Blythe Myers,1-993-443-7371,id.nunc@aol.org,Free State,$7.67
Janna Mueller,1-547-930-0356,libero.dui@google.ca,Western Australia,$58.86
Caleb Sanders,1-941-282-3651,in.lobortis@outlook.couk,Virginia,$58.31
Isaac Donaldson,(217) 247-6648,dolor@hotmail.ca,Gävleborgs län,$72.42
Althea Stafford,(348) 763-3681,nullam@google.com,Riau Islands,$16.75
Armand Huff,(815) 826-8835,aliquam.eu@aol.edu,Berkshire,$65.30
Ayanna White,1-252-853-1292,mauris.elit.dictum@hotmail.org,Limón,$24.05
Mason Mathis,1-128-864-1460,quis.turpis.vitae@icloud.com,Ulster,$25.69
Justina Alvarez,(341) 873-1028,aliquam.tincidunt@google.ca,South Island,$11.15
Frances Hatfield,1-671-712-9846,leo.vivamus@icloud.net,Haute-Normandie,$46.16
Evan Hinton,1-432-803-8286,et.ultrices.posuere@protonmail.com,Emilia-Romagna,$61.86
Xavier Patterson,(457) 545-7642,quisque.fringilla@protonmail.edu,Burgenland,$24.83
Brenda Farley,1-534-882-3963,ridiculus.mus@google.com,Vaupés,$69.68
Juliet Mccray,1-563-231-5027,nunc@google.net,Møre og Romsdal,$4.04
Medge Montoya,(778) 977-7611,lorem@hotmail.ca,Gelderland,$25.63
Rogan Hicks,(782) 625-9115,purus.ac@google.org,Luik,$95.79
Yasir Perry,1-814-465-3456,viverra.donec.tempus@yahoo.ca,Akwa Ibom,$65.01
Dahlia Kirkland,(759) 420-7520,curabitur.vel.lectus@aol.edu,Western Australia,$98.21
Bryar Barnes,(152) 377-0522,augue.porttitor@aol.com,Östergötlands län,$5.14
Leslie Good,1-317-595-7332,faucibus@protonmail.edu,Colorado,$63.44
Dacey Mcfadden,(270) 228-3633,non.luctus@aol.com,Brussels Hoofdstedelijk Gewest,$71.23
Brody Patton,1-616-874-2385,posuere.enim@yahoo.couk,Yorkshire,$30.37
Ivor Turner,1-903-635-2344,nullam.enim.sed@hotmail.com,Paraná,$7.69
Barry Rosario,(924) 551-1381,duis.sit.amet@aol.couk,Huádōng,$0.62
Christen Nguyen,1-281-132-6196,nunc@google.org,Quảng Ninh,$70.24
Dahlia Gibson,(805) 919-1453,lobortis.ultrices@outlook.net,Bengkulu,$72.78
Basia Randolph,(822) 435-0353,adipiscing.lobortis@outlook.edu,Minas Gerais,$96.71
Cole Mosley,1-358-757-1325,aliquam@protonmail.ca,Salzburg,$46.79
Debra Levy,1-683-370-1505,suspendisse.dui@hotmail.com,Ceuta,$96.29
Risa Charles,1-671-884-2854,consectetuer.cursus.et@google.com,Manisa,$78.14
Bethany Foster,(641) 434-9535,non.dui@aol.net,Castilla - La Mancha,$38.40
Cameron Herman,1-689-219-7310,nascetur.ridiculus@yahoo.org,Free State,$2.15
Jared Emerson,1-357-763-1461,lacus.etiam@hotmail.edu,Zamboanga Peninsula,$45.52
Stephen Mack,(589) 538-8221,a.dui.cras@google.couk,Liguria,$60.80
Fallon Valdez,(973) 665-6565,quis.lectus@yahoo.com,South Sulawesi,$13.72
Rooney Washington,(437) 655-9159,auctor.quis@outlook.org,Santander,$68.50
Tana Duncan,(789) 845-9552,nunc@hotmail.edu,South Island,$45.32
Darius Morton,1-917-693-4562,fusce.aliquam@google.edu,Murcia,$77.05
Lacy Galloway,1-227-413-7048,sit.amet.lorem@hotmail.edu,Western Australia,$19.49
Zephr Lowery,1-718-256-7550,donec.egestas.aliquam@yahoo.edu,Saskatchewan,$45.70
Moana Peterson,1-789-883-5266,in.tincidunt@protonmail.ca,Antofagasta,$56.87
Berk Cohen,(735) 784-7472,risus.at@protonmail.net,Tripura,$2.05
Mark Conley,(886) 981-5886,mattis@icloud.edu,Dōngběi,$66.55
Aiko Leonard,(513) 605-6558,eu.tellus.eu@aol.ca,Cordillera Administrative Region,$15.96
Yuri Terrell,(435) 658-7577,sit.amet@outlook.net,Tabasco,$29.91
Wyatt Stafford,1-652-474-0365,orci.quis@hotmail.ca,Sinaloa,$77.36
Bernard Aguilar,1-530-849-8673,commodo@protonmail.edu,Minas Gerais,$83.36
Noah Daniel,(446) 366-8372,tempor.arcu.vestibulum@yahoo.net,Guanacaste,$19.42
Marah West,(828) 313-3075,class.aptent@icloud.ca,Phú Thọ,$63.17
Wynter Kane,1-998-702-3501,sed.eu.nibh@outlook.com,İzmir,$57.10
Jeremy Stanley,(573) 643-2313,est.nunc.laoreet@outlook.net,Schleswig-Holstein,$70.68
TaShya Anthony,1-252-211-4616,auctor.velit@aol.ca,West Region,$88.14
Lucian Cantrell,1-571-367-4277,neque.in.ornare@yahoo.com,Ulster,$64.62
Eric Washington,(976) 774-2345,vivamus.euismod@outlook.ca,North Chungcheong,$10.32
Rosalyn Nichols,(484) 830-8784,nibh.aliquam.ornare@google.net,Mexico City,$82.54
Francis Collier,1-805-897-5847,vel@protonmail.couk,Vermont,$84.84
Raja Ferrell,1-277-228-1171,aliquam.nec@protonmail.ca,Cajamarca,$30.08
Jada Caldwell,1-387-696-2141,eget.ipsum.suspendisse@icloud.com,Lubelskie,$99.09
Raja Holder,1-663-259-8128,nunc.sed@google.com,Auvergne,$81.91
Riley Chan,(515) 490-4461,vel@hotmail.net,British Columbia,$83.97
Rhea Gutierrez,1-830-598-0975,penatibus@outlook.edu,Sachsen,$44.88
Audrey Burns,1-684-416-2641,magnis.dis.parturient@protonmail.edu,Santa Catarina,$37.26
Keaton Olson,(408) 439-7286,tincidunt@yahoo.net,Dōngběi,$83.06
Simon Humphrey,(166) 617-2142,vitae.aliquet@aol.org,Schleswig-Holstein,$35.69
Irma Reilly,1-913-908-4778,vulputate.dui@hotmail.couk,Minas Gerais,$53.27
Alma Hayden,1-562-532-8002,proin.vel@outlook.ca,Punjab,$86.49
Charity Elliott,1-484-253-3472,vivamus.sit@icloud.ca,Castilla y León,$36.46
Autumn Decker,1-265-515-5861,auctor@yahoo.couk,Piemonte,$57.62
Stewart Norris,1-248-384-0934,facilisis.vitae@icloud.edu,FATA,$66.94
Ian Allen,1-932-551-2188,odio@icloud.org,Santa Catarina,$32.25
Duncan Cantu,(584) 510-3538,tortor.nunc@outlook.edu,Sindh,$75.75
Herman Poole,1-854-536-0259,amet.diam.eu@google.ca,Lubelskie,$34.54
Frances Berry,(413) 626-7726,felis.purus@icloud.ca,Salzburg,$7.76
Christine Russo,1-714-684-2837,tempor.diam.dictum@protonmail.ca,Styria,$22.38
Madeson Whitaker,1-342-542-3193,parturient.montes@protonmail.ca,Illes Balears,$22.15
Mallory Mejia,(391) 785-1994,euismod.in@outlook.ca,Guerrero,$59.96
Tana Gordon,1-182-262-3857,fringilla@google.ca,West Region,$43.10
Faith Pittman,(783) 678-6386,enim.diam@yahoo.edu,Gaziantep,$22.54
Cheyenne Benson,1-449-456-7315,egestas.sed@yahoo.com,Ceará,$86.03
Signe Yates,(438) 419-2516,justo.faucibus@protonmail.com,Västra Götalands län,$52.59
Edward Wilcox,1-431-654-1583,sapien.cras@icloud.ca,Vienna,$37.05
Jermaine Moreno,(374) 679-9822,massa.mauris@yahoo.edu,Azad Kashmir,$40.24
Benedict Harris,(538) 798-5885,dictum.proin@icloud.org,Mykolaiv oblast,$61.57
Drake Noel,1-348-390-6824,vestibulum@icloud.com,Amur Oblast,$17.37
Kieran Colon,(759) 638-5454,consequat.dolor.vitae@hotmail.couk,Illes Balears,$11.54
Ian Cantrell,1-814-699-2804,sed@google.org,Montgomeryshire,$79.74
Yetta Chambers,(818) 456-5637,tempus.eu@protonmail.org,Gangwon,$6.77
Melyssa Adams,(406) 276-7052,diam.dictum@outlook.com,Khyber Pakhtoonkhwa,$10.26
Porter Sullivan,1-213-323-5674,tempor.lorem@outlook.couk,Zamboanga Peninsula,$77.28
Burke Cain,1-774-538-5620,libero.dui@protonmail.ca,Gangwon,$82.09
Yoshio Cooley,1-753-219-2695,libero.dui.nec@google.edu,Zeeland,$48.98
Graham Ashley,(305) 876-5256,vel.nisl@icloud.ca,Liguria,$38.53
Nell Stevens,(499) 774-4647,penatibus.et.magnis@protonmail.edu,Östergötlands län,$9.32
Elton Bowman,1-305-859-2888,malesuada.fames@aol.net,Waals-Brabant,$11.08
Orlando Rivas,1-610-644-9797,sed.auctor@google.couk,Euskadi,$53.58
Noel Wheeler,(513) 446-8477,nulla@google.net,Junín,$56.82
Sylvia Drake,(348) 743-8187,mauris.id@outlook.ca,Rheinland-Pfalz,$99.82
Hop Cummings,(356) 816-4871,mi.fringilla@google.com,Bolívar,$72.06
Cole Knox,(590) 911-0573,mollis@aol.edu,Arequipa,$24.71
Dorian Pitts,1-842-239-4346,risus@icloud.com,Antalya,$34.62
Rose Shaw,(470) 643-6656,dolor.quam@yahoo.edu,South Island,$63.86
Marcia Hoover,1-722-815-0811,ipsum.leo.elementum@google.com,Nebraska,$49.35
Michael Jacobson,1-538-392-6560,risus.at.fringilla@hotmail.ca,Wielkopolskie,$88.92
Ian Roy,(415) 174-4696,lectus.sit.amet@google.ca,Huádōng,$87.72
Asher Nolan,1-384-385-3843,enim.diam@hotmail.com,Ilocos Region,$92.07
Cairo Erickson,(966) 681-8935,magna.praesent.interdum@icloud.edu,Limpopo,$96.64
Ina Martin,1-623-643-6044,integer.urna.vivamus@icloud.net,Baja California,$60.24
Justin Church,(401) 232-6688,volutpat.nulla@hotmail.org,North Island,$53.10
Charde Shepherd,(108) 781-5824,in.mi@icloud.net,Lubelskie,$3.64
Natalie Quinn,(286) 380-1165,lectus@aol.edu,East Region,$35.62
Yoshio Avery,(822) 256-7104,eget.nisi@icloud.com,Western Visayas,$10.41
Connor Banks,(554) 246-4954,diam.proin.dolor@icloud.ca,Agder,$79.90
Doris Chapman,(624) 578-4976,gravida.sit@outlook.edu,O'Higgins,$4.44
Nevada Hammond,1-763-207-8478,id.blandit@yahoo.com,Noord Brabant,$59.68
Macon Howell,(442) 411-9313,nulla.facilisi@icloud.ca,Balıkesir,$66.55
Keely Chapman,(219) 727-7187,nibh.aliquam.ornare@protonmail.ca,Mizoram,$15.74
Rana Blake,1-271-439-7573,neque.non@hotmail.ca,Maule,$47.10
Anika Aguirre,(948) 446-5465,sagittis@aol.edu,Gauteng,$5.20
Chase Emerson,1-408-742-7918,a.auctor@yahoo.org,Antofagasta,$38.75
Owen Baxter,(868) 242-4532,libero.morbi@yahoo.net,Diyarbakır,$96.82
Chaney Hernandez,(871) 334-3821,accumsan.neque@aol.com,Munster,$91.25
Connor Mckay,1-337-228-6552,nascetur.ridiculus.mus@icloud.net,Victoria,$76.88
Hope Salazar,(478) 529-9762,et@google.com,Risaralda,$46.00
Ferdinand Rogers,1-470-337-7814,porttitor.eros@aol.com,Aisén,$54.53
Joelle Lane,1-366-532-4897,vitae.erat@yahoo.couk,Cajamarca,$22.37
Oprah Wade,(121) 558-2498,arcu.vel@icloud.net,Nova Scotia,$81.51
Wesley Tran,1-210-881-6464,justo.sit@yahoo.edu,FATA,$70.82
Ainsley Owen,(519) 883-8758,iaculis@yahoo.com,Puntarenas,$39.46
Igor Britt,1-715-410-2044,sociis.natoque@aol.net,Ternopil oblast,$65.57
Zoe Henderson,1-163-483-8510,arcu.vestibulum@hotmail.ca,Kocaeli,$6.22
Kiayada Wise,1-244-433-3380,mauris.non.dui@icloud.net,Cusco,$49.05
Jermaine Cortez,(673) 641-7006,accumsan@protonmail.edu,La Libertad,$66.94
Irene James,1-173-544-1641,odio.aliquam@outlook.ca,Ancash,$0.44
Cherokee Rojas,1-113-414-2433,vel@yahoo.com,Hatay,$43.70
Farrah Garner,1-932-475-5385,at.libero@google.couk,Australian Capital Territory,$21.84
Austin Rivers,(453) 299-4645,rhoncus.donec.est@hotmail.com,Central Region,$29.44
Hiroko Beck,(326) 926-4241,nulla.donec@yahoo.org,Cartago,$46.84
Gwendolyn Winters,(643) 106-3918,nam.ac.nulla@hotmail.net,Delta,$67.24
Dorothy Simon,1-564-866-3888,rhoncus.donec@google.couk,Dalarnas län,$23.12
Demetrius Bryant,(254) 414-5887,neque.pellentesque.massa@hotmail.ca,Trøndelag,$30.94
Kennedy Nolan,(989) 427-2285,augue.porttitor.interdum@yahoo.edu,Ontario,$70.47
Chandler Gillespie,(250) 365-1502,sit.amet@aol.ca,Bursa,$44.40
Zephr Stuart,1-661-405-4282,nulla@aol.ca,Amur Oblast,$61.00
Octavius Marshall,1-253-301-9319,mi.fringilla.mi@aol.couk,East Region,$25.96
Gretchen Dudley,(521) 598-3782,varius.orci.in@icloud.couk,Lambayeque,$49.38
Stacy Suarez,1-565-853-4640,pharetra@google.couk,Tasmania,$58.13
Hamilton Barrera,(521) 372-3652,ut@outlook.ca,Chernivtsi oblast,$26.20
Judah Hooper,1-313-220-4626,vehicula.risus@google.ca,South Island,$64.79
Galvin Ray,1-225-268-2316,arcu.morbi@yahoo.org,Baja California,$29.92
Kato Guzman,1-166-356-9637,urna.justo@yahoo.org,Sardegna,$63.75
Macey Shaw,1-643-461-1534,lorem.eu.metus@outlook.net,Corse,$67.39
Venus Hardy,1-543-895-3606,cursus.et.magna@icloud.ca,Konya,$80.36
Calvin Valentine,(566) 514-2287,integer.aliquam@google.ca,Champagne-Ardenne,$34.92
Melanie Clayton,1-548-552-1098,mauris.rhoncus@hotmail.ca,Tasmania,$61.17
Richard Simmons,(951) 603-3868,ac.mattis.velit@outlook.com,Balıkesir,$63.77
Linus Romero,(975) 521-6758,tincidunt@google.couk,Cajamarca,$79.18
Christian Collins,1-231-232-5883,in.faucibus@hotmail.net,Lower Austria,$24.07
Mara Leonard,(884) 331-6990,pharetra@outlook.edu,Colorado,$48.60
Branden Hebert,(783) 691-2836,convallis.dolor@google.couk,South Gyeongsang,$43.69
Savannah Hester,(489) 640-7567,risus.quisque@yahoo.ca,Ivano-Frankivsk oblast,$33.81
David Willis,1-672-564-2922,suspendisse@protonmail.net,Kocaeli,$66.59
Yoshi West,1-661-434-5118,quisque@aol.edu,Lombardia,$30.51
Carla Malone,1-480-211-3618,magnis.dis@google.org,Dorset,$76.76
Chloe Silva,(958) 536-6122,lectus.pede@aol.org,Tarapacá,$13.43
Hanna Romero,1-633-805-0679,congue@yahoo.edu,Arequipa,$2.51
Jolene Carpenter,(512) 502-9567,magna.cras@google.com,South Island,$15.94
Oleg Farrell,(332) 699-4712,duis@google.org,Limburg,$33.17
Tobias Dean,1-794-742-2302,erat.etiam@google.net,Møre og Romsdal,$70.87
Lila Stanley,(377) 259-3524,lectus.ante.dictum@icloud.org,Bahia,$27.10
Myra Herman,(864) 342-2534,non@outlook.net,Arkansas,$6.95
Brooke Marshall,(285) 742-3252,ligula@google.edu,Limón,$76.32
Katelyn Alexander,(753) 726-5387,integer.vitae@yahoo.ca,Connacht,$85.70
Quinlan Myers,1-513-370-4640,ipsum.phasellus@aol.com,South Sulawesi,$54.82
Summer Vaughan,1-512-581-7648,dolor.fusce@icloud.org,Glamorgan,$16.38
Kaseem Ballard,1-789-636-7536,orci.quis@aol.net,Marche,$59.92
Petra Farmer,1-465-675-5785,at.pretium.aliquet@aol.ca,Sơn La,$54.86
Ebony Lambert,1-224-619-8281,duis.dignissim.tempor@outlook.edu,Zuid Holland,$56.75
Jessica Sheppard,(667) 789-2674,et.ultrices.posuere@yahoo.edu,Colorado,$45.67
James Sweeney,(336) 678-6177,eu.augue@outlook.edu,Junín,$29.59
Brittany Fisher,(432) 630-2172,metus.urna@yahoo.edu,Điện Biên,$22.38
Jolene Nash,(612) 871-4088,ipsum@yahoo.edu,Maryland,$62.87
Trevor Estes,1-121-616-1431,nulla.magna.malesuada@hotmail.ca,British Columbia,$22.74
Sarah Oneil,(776) 854-4027,fusce.diam@protonmail.edu,West-Vlaanderen,$54.48
Alisa Campos,1-644-304-1777,neque.pellentesque@icloud.net,West-Vlaanderen,$1.50
Addison Newman,1-729-478-7248,ornare@outlook.ca,Cartago,$86.73
Nyssa Adkins,(865) 545-0172,quis.pede@yahoo.org,Västra Götalands län,$30.67
Rylee Wade,(766) 721-1643,ornare@hotmail.org,West Sulawesi,$42.48
Naomi Cherry,1-824-720-8337,erat.sed@icloud.com,Sinaloa,$11.69
Kylynn Wiley,1-555-288-4342,eu.nibh.vulputate@google.org,Caraga,$84.91
Hasad English,1-303-877-2284,urna.convallis@yahoo.net,Saskatchewan,$87.60
Claire Pierce,(833) 135-5738,neque@icloud.edu,Mazowieckie,$73.77
Scarlet Sears,(653) 409-7806,massa.lobortis@google.ca,Lazio,$0.48
Mechelle Brewer,(454) 933-7645,ante.dictum@aol.ca,Gilgit Baltistan,$65.32
Patience Ramirez,(312) 676-0868,sit.amet@protonmail.ca,Mecklenburg-Vorpommern,$64.46
Zahir Calhoun,1-320-239-9224,dignissim.tempor@hotmail.org,West-Vlaanderen,$74.81
Avram Barnett,(759) 616-5571,convallis.in.cursus@google.edu,Vorarlberg,$64.69
Jesse Campbell,(987) 102-8341,facilisis.suspendisse.commodo@protonmail.ca,Santander,$19.62
Cooper Guerra,(764) 221-6745,justo@aol.couk,East Java,$26.60
Talon Kim,(839) 745-6773,vivamus.non@icloud.com,Hà Tĩnh,$50.76
Dante Stein,(526) 422-6715,risus.at.fringilla@aol.couk,Cantabria,$64.09
Mari Gomez,(943) 652-9659,velit.pellentesque.ultricies@aol.org,Gilgit Baltistan,$35.32
Ciara Grimes,1-462-821-9442,ultrices.vivamus@yahoo.ca,Stockholms län,$52.60
Galena Padilla,(777) 878-1855,elit.erat@aol.net,Victoria,$53.06
Lawrence Eaton,1-484-798-0655,pharetra.felis@aol.ca,Andalucía,$25.62
Graham Ellis,(880) 844-4211,mauris.ut@protonmail.org,Western Australia,$27.56
Dexter Abbott,1-872-435-7342,in@hotmail.edu,Quảng Ninh,$13.02
Quentin Cruz,1-888-388-5420,massa@hotmail.edu,Michoacán,$40.65
Odessa Barnes,(694) 124-6368,metus.vitae@yahoo.net,Khyber Pakhtoonkhwa,$49.31
Declan Stanton,1-888-570-5985,nec.luctus@outlook.edu,Nuevo León,$93.78
Patricia Valdez,(207) 924-4731,risus.a@outlook.org,Atacama,$37.12
Demetrius Marshall,(705) 754-7931,rutrum.non.hendrerit@google.org,Central Visayas,$42.97
Clio Franks,1-519-277-5585,eget@outlook.net,Bà Rịa–Vũng Tàu,$80.19
Alana Slater,(416) 608-8653,accumsan.interdum@google.org,East Region,$39.05
Deanna Ray,1-261-548-5481,sapien.gravida@hotmail.org,Querétaro,$10.67
Conan Bray,1-904-251-5411,lorem.vehicula.et@outlook.com,Rajasthan,$43.24
Cullen Brock,1-885-581-2826,eget.ipsum.suspendisse@protonmail.edu,Limón,$43.34
Lee Parrish,1-858-462-6635,in@yahoo.net,Đắk Lắk,$85.13
Kamal Blair,1-122-441-2729,ultrices@icloud.com,Mpumalanga,$91.21
Raja Rodgers,(762) 603-9970,et@hotmail.ca,North Island,$54.17
Marah Sanford,1-567-386-4422,mollis.duis@icloud.net,Principado de Asturias,$53.97
Miranda Becker,(874) 678-0616,gravida.non@protonmail.couk,Mpumalanga,$31.45
Kylee Chambers,(850) 759-7356,auctor.velit.eget@protonmail.edu,Extremadura,$24.10
Ebony Austin,(238) 911-5767,ultrices.a.auctor@protonmail.com,North Chungcheong,$57.13
Zelenia Sharp,(483) 756-2282,iaculis.lacus.pede@aol.edu,Ulyanovsk Oblast,$82.19
Bevis Holden,1-286-145-5417,aliquet.sem.ut@yahoo.couk,San Andrés y Providencia,$54.45
Sharon Villarreal,(248) 552-6374,non.massa.non@icloud.ca,Schleswig-Holstein,$48.90
Donovan Orr,(437) 258-9354,enim@outlook.ca,Punjab,$29.88
Holmes Spencer,1-367-213-1916,dui@protonmail.org,Nebraska,$16.65
Octavia Black,(744) 405-6734,sodales.nisi@aol.ca,Rio de Janeiro,$30.73
Jason Collins,1-233-776-3556,sed.dictum@outlook.edu,West Java,$27.50
Damian Wiley,1-230-484-3052,nec.euismod@yahoo.couk,Khánh Hòa,$0.21
Driscoll Alexander,1-532-958-5911,lorem.ut.aliquam@protonmail.com,Liguria,$52.51
Lucas Kennedy,(327) 933-4648,suspendisse.tristique.neque@yahoo.net,Central Kalimantan,$66.75
Germaine Watts,(724) 421-2033,auctor.ullamcorper@yahoo.edu,Prince Edward Island,$58.84
Brendan Anthony,(612) 725-1493,a@google.org,Gelderland,$9.24
Ivana Hurst,1-644-440-2293,id.enim@aol.org,Carinthia,$62.64
Blaze Carpenter,1-312-201-9263,enim.diam.vel@google.edu,Quindío,$69.26
Slade Hull,(847) 976-7279,ante.nunc@google.org,Pernambuco,$39.22
Tarik Mendoza,1-890-648-6524,tortor.nibh@hotmail.org,South Gyeongsang,$75.63
Wallace Espinoza,1-477-296-5076,tempus@google.edu,Östergötlands län,$61.65
Emery Romero,1-552-725-4668,justo.eu@outlook.couk,Campania,$74.09
Jerome Blackburn,(678) 518-0723,ultricies@protonmail.org,FATA,$72.07
Hasad Stout,1-563-745-5560,tellus.justo.sit@yahoo.net,Imo,$38.95
Wayne Delgado,1-664-484-3422,lorem.donec@outlook.ca,Poitou-Charentes,$30.13
Haviva Gardner,1-973-354-6837,blandit.congue@protonmail.com,Bali,$43.50
Russell Frost,1-747-444-8681,facilisis.suspendisse@aol.edu,Odisha,$56.47
Kibo Coffey,1-351-544-2355,bibendum@outlook.ca,West-Vlaanderen,$89.08
Blossom Valenzuela,(900) 187-7581,sit.amet@hotmail.org,Northern Territory,$55.26
Len Logan,1-523-347-4784,nam.ac@outlook.edu,Punjab,$85.73
Cedric Mathews,(253) 275-4611,fringilla@icloud.net,Magallanes y Antártica Chilena,$83.78
Jonas Sherman,1-224-188-1244,dignissim@google.net,Zeeland,$0.20
Ebony Campos,1-116-536-9718,dictum.eu.eleifend@hotmail.edu,Rostov Oblast,$22.42
Jenna James,(389) 773-6811,lectus.sit.amet@protonmail.couk,Adana,$53.99
Kasimir Howe,1-684-937-2275,nisl.quisque@outlook.edu,Chernihiv oblast,$70.65
Aileen Bender,(435) 874-1464,sed.dictum@aol.com,Limpopo,$89.27
Aaron Levine,1-316-687-8827,interdum.curabitur@google.net,Valle del Cauca,$23.98
Francesca Bright,(277) 845-3748,risus@google.ca,Atacama,$59.93
Kelly Pope,(248) 126-1707,maecenas@icloud.couk,Balochistan,$59.52
Daphne Macdonald,(292) 388-4167,tempor@outlook.com,Central Region,$54.17
Paki Powers,(911) 615-1861,erat.semper@hotmail.com,Pennsylvania,$56.81
Brenden Tucker,1-716-593-8537,nibh.phasellus.nulla@aol.edu,Mersin,$79.47
Piper Owen,(652) 586-5124,sagittis@outlook.edu,West-Vlaanderen,$41.90
Karleigh Vargas,(725) 605-5324,proin.velit@icloud.net,Bremen,$35.44
Valentine Frank,(424) 568-5306,ut.mi@protonmail.edu,Puebla,$90.84
Gavin Roman,1-944-227-7009,ut.odio@outlook.edu,Limpopo,$13.72
Odette Wells,1-965-215-5289,at.nisi@hotmail.edu,Roxburghshire,$26.78
Inez Shannon,(737) 494-5301,auctor.vitae@hotmail.couk,Limón,$84.32
